<?xml version="1.0" encoding="utf-8"?>
<database name="librairie" defaultIdMethod="native" defaultPhpNamingMethod="underscore">
  <table name="client" idMethod="native" phpName="Client">
    <column name="id" phpName="Id" type="INTEGER" primaryKey="true" autoIncrement="true" required="true"/>
    <column name="nom" phpName="Nom" type="VARCHAR" size="255" required="true"/>
    <column name="prenom" phpName="Prenom" type="VARCHAR" size="255" required="true"/>
    <column name="adresse" phpName="Adresse" type="VARCHAR" size="1024"/>
    <column name="tel" phpName="Tel" type="DECIMAL" scale="0"/>
    <column name="codePostal" phpName="Codepostal" type="VARCHAR" size="5"/>
    <column name="sexe" phpName="Sexe" type="VARCHAR" size="1"/>
    <column name="login" phpName="Login" type="VARCHAR" size="25" required="true"/>
    <column name="email" phpName="Email" type="VARCHAR" size="1024"/>
    <column name="pass" phpName="Pass" type="VARCHAR" size="25" required="true"/>
    <vendor type="mysql">
      <parameter name="Engine" value="InnoDB"/>
    </vendor>
  </table>
  <table name="commande" idMethod="native" phpName="Commande">
    <column name="id" phpName="Id" type="INTEGER" primaryKey="true" autoIncrement="true" required="true"/>
    <column name="client_id" phpName="ClientId" type="INTEGER" required="true"/>
    <column name="payer" phpName="Payer" type="BOOLEAN" size="1" required="true"/>
    <foreign-key foreignTable="client" name="commande_FK_1" onDelete="CASCADE">
      <reference local="client_id" foreign="id"/>
    </foreign-key>
    <index name="commande_FI_1">
      <index-column name="client_id"/>
    </index>
    <vendor type="mysql">
      <parameter name="Engine" value="InnoDB"/>
    </vendor>
  </table>
  <table name="lignecommande" idMethod="native" phpName="Lignecommande">
    <column name="id" phpName="Id" type="INTEGER" primaryKey="true" autoIncrement="true" required="true"/>
    <column name="livre_id" phpName="LivreId" type="INTEGER" required="true"/>
    <column name="commande_id" phpName="CommandeId" type="INTEGER"/>
    <foreign-key foreignTable="livre" name="lignecommande_FK_1" onDelete="CASCADE">
      <reference local="livre_id" foreign="id"/>
    </foreign-key>
    <foreign-key foreignTable="commande" name="lignecommande_FK_2" onDelete="CASCADE">
      <reference local="commande_id" foreign="id"/>
    </foreign-key>
    <index name="lignecommande_FI_1">
      <index-column name="livre_id"/>
    </index>
    <index name="lignecommande_FI_2">
      <index-column name="commande_id"/>
    </index>
    <vendor type="mysql">
      <parameter name="Engine" value="InnoDB"/>
    </vendor>
  </table>
  <table name="livre" idMethod="native" phpName="Livre">
    <column name="id" phpName="Id" type="INTEGER" primaryKey="true" autoIncrement="true" required="true"/>
    <column name="titre" phpName="Titre" type="VARCHAR" size="255" required="true"/>
    <column name="isbn" phpName="Isbn" type="VARCHAR" size="24" required="true"/>
    <column name="prix" phpName="Prix" type="FLOAT"/>
    <column name="description" phpName="Description" type="VARCHAR" size="2048"/>
    <column name="photo" phpName="Photo" type="VARCHAR" size="2048"/>
    <vendor type="mysql">
      <parameter name="Engine" value="InnoDB"/>
    </vendor>
  </table>
</database>